_id,age,name,company
6251b59a762884fbfe06e4a9,24,Tisha Hewitt,CANDECOR
6251b59a0b7d50d49949c426,20,Cox Whitaker,GENMY
6251b59abe5187caff9eae3d,21,Minerva Avila,ISODRIVE
6251b59ababff6f74e4d3f41,37,Pruitt Pittman,WAZZU
6251b59a4901925dc48b8481,35,Miriam Shelton,CONFERIA
6251b59a654addef91967291,20,Sellers Moon,DEMINIMUM
6251b59af5cb179abe531790,29,Simpson Garza,HOMELUX
6251b59a4f19b64fa0f6db1b,30,Virginia Bryant,ZILLATIDE
6251b59aafb3d9ce862eb025,38,Vasquez Palmer,DIGIPRINT
6251b59a21de1c679783eae2,26,Alford Haley,SLOGANAUT
